Sumber,Jenis sumber,Topik utama,Prioritas,URL,Panduan penggunaan
Ditjen Perhubungan Darat,Primer—regulator,Transportasi & logistik; regulasi,Tinggi,https://hubdat.dephub.go.id/id/publikasi/,"Siaran pers, angkutan barang, ODOL, keselamatan; cek naskah aturan di JDIH."
Kementerian ESDM,Primer—regulator,BBM & energi; pertambangan,Tinggi,https://www.esdm.go.id/id/media-center/arsip-berita,"Biodiesel, energi dan pengujian; pisahkan target kebijakan dari implementasi."
BPH Migas,Primer—regulator,BBM & energi,Tinggi,https://www.bphmigas.go.id/berita/,Distribusi dan pengawasan BBM.
JDIH Kemenhub,Primer—dokumen hukum,Regulasi; transportasi & logistik,Tinggi,https://jdih.dephub.go.id/peraturan/index,"Periksa status, tanggal berlaku, dan isi pasal; tidak selalu berisi berita baru."
JDIH ESDM,Primer—dokumen hukum,Regulasi; BBM & energi; pertambangan,Tinggi,https://jdih.esdm.go.id/,Periksa dokumen peraturan asli dan status berlakunya.
APTRINDO—News,Primer—asosiasi,Transportasi & logistik; truk,Tinggi,https://aptrindo.id/news/,Pandangan dan pengumuman asosiasi pengusaha truk; klaim kebijakan cek ke regulator.
KNKT—LLAJ,Primer—investigasi,Keselamatan armada; transportasi,Tinggi,https://knkt.go.id/subkomite/llaj,Temuan dan rekomendasi investigasi kecelakaan jalan.
Ditjen Bina Marga,Primer—infrastruktur,Transportasi & logistik,Sedang,https://binamarga.pu.go.id/berita,"Jalan nasional, jembatan, gangguan rute."
BPJT,Primer—infrastruktur,Transportasi & logistik,Sedang,https://bpjt.pu.go.id/berita/,"Jalan tol, akses dan perubahan infrastruktur."
Korlantas Polri,Primer—penegak hukum,Regulasi; keselamatan armada,Sedang,https://korlantas.polri.go.id/,Penegakan aturan dan kondisi lalu lintas; cek dasar hukumnya.
BPS—Statistik Transportasi,Primer—data,Transportasi & logistik,Pendukung,https://www.bps.go.id/id/statistics-table?subject=560,Data untuk konteks dan artikel evergreen; frekuensi bukan harian.
Ditjen Minerba,Primer—regulator,Pertambangan & alat berat,Pantau akses,https://www.minerba.esdm.go.id/,Situs terpantau dalam perbaikan pada 27 Sep 2026; gunakan ESDM dan JDIH sebagai cadangan.
Kompas Otomotif—Niaga,Media—ide konten,Kendaraan niaga; teknologi armada,Tinggi,https://otomotif.kompas.com/niaga,"Truk, bus, pengemudi, kendaraan niaga; verifikasi klaim ke sumber asli."
detikOto—Kendaraan Niaga,Media—ide konten,Kendaraan niaga; teknologi armada,Tinggi,https://oto.detik.com/kendaraan-niaga,"Produk, operator, pengemudi dan isu industri; cek sumber kutipan."
Logistik News—Transportasi & Logistik,Media industri—ide konten,Transportasi & logistik,Tinggi,https://www.logistiknews.id/topic/transportasi-logistik/,"Trucking, asosiasi, pelabuhan dan kendala distribusi."
Bisnis.com—Transportasi & Logistik,Media—ide konten,Transportasi & logistik,Tinggi,https://ekonomi.bisnis.com/transportasi-logistik,Cakupan banyak moda; saring ketat untuk operasional armada darat.
ANTARA—Ekonomi/Bisnis,Kantor berita—ide konten,Ekonomi; logistik; energi,Sedang,https://www.antaranews.com/ekonomi/bisnis,"Rubrik luas; cari kata kunci armada, logistik, BBM, tambang; cek rilis asal."
Petromindo,Media industri—ide konten,Pertambangan & alat berat,Sedang,https://www.petromindo.com/,Dinamika pertambangan; sebagian konten mungkin berbayar.
